Notes,Name,Constituency,State,Party,Debates,Private Members' Bills,Questions,Attendance in Parliament
,A. Krishnaswamy,Sriperumbudur,Tamil Nadu,DMK,64,1,9,84%
,A. Ravichandran Sippiparai,Sivakasi,Tamil Nadu,MDMK,66,0,224,88%
,A. Venkatesh Naik,Raichur,Karnataka,INC,4,0,36,72%
,A.F. Golam Osmani,Barpeta,Assam,INC,0,0,28,57%
,A.K. Moorthy,Chengalpattu,Tamil Nadu,PMK,0,0,134,62%
,A.K.S. Vijayan,Nagapattinam,Tamil Nadu,DMK,24,0,0,53%
,A.P. Abdullakutty,Cannanore,Kerala,CPI(M),20,6,44,81%
,A.V. Bellarmin,Nagercoil,Tamil Nadu,CPI(M),69,0,161,85%
,Abdul Mannan Hossain,Murshidabad,West Bengal,INC,0,0,7,73%
,Abdul Rashid Shaheen,Baramullah,Jammu and Kashmir,J&KNC,32,0,353,81%
1,Abdul Rehman Antulay,Kulaba,Maharashtra,INC,1,0,7,95%
2,Abu Ayes Mondal,Katwa ,West Bengal,CPI(M),19,0,185,95%
3,Abu Hasem Khan Choudhury,Malda ,West Bengal,INC,3,0,0,73%
,Adhir Ranjan Chowdhury,Berhampore,West Bengal,INC,109,0,817,61%
,Adityanath Yogi,Gorakhpur,Uttar Pradesh,BJP,66,4,140,60%
,Afzal Ansari,Gazipur,Uttar Pradesh,SP,5,0,0,43%
4,Agatha K Sangma,Tura,Meghalaya,NCP,1,0,0,78%
,Ajay Chakraborty,Basirhat,West Bengal,CPI,51,0,358,88%
5,Ajay Maken,New Delhi,Delhi,INC,12,0,17,62%
100,Ajit Jogi^,Mahasamund,Chhattisgarh,INC,2,0,368,62%
,Ajit Singh,Baghpat,Uttar Pradesh,RLD,6,1,0,43%
6,Akbar Ahmad Dumpy,Azamgarh,Uttar Pradesh,BSP,0,0,0,73%
,Akhilesh Prasad Singh,Motihari,Bihar,RJD,*,*,*,*
,Akhilesh Yadav,Kannauj,Uttar Pradesh,SP,1,0,17,35%
,Akshay Pratap Singh,Pratapgarh,Uttar Pradesh,SP,0,0,8,45%
,Alakesh Das,Nabadwip,West Bengal,CPI(M),13,0,3,53%
7,Ale Narendra,Medak,Andhra Pradesh,TRS,1,0,0,71%
8,Allola Indrakaran Reddy,Adilabad,Andhra Pradesh,INC,0,0,,61%
,Alok Kumar Mehta,Samastipur,Bihar,RJD,93,1,218,84%
,Amitava Nandy,Dum Dum,West Bengal,CPI(M),15,0,108,62%
9,Anand Prakash Paranjpe ,Thane,Maharashtra,SS,0,0,0,78%
,Anandrao Vithoba Adsul,Buldhana,Maharashtra,SS,32,3,1255,80%
,Anant Gangaram Geete,Ratnagiri,Maharashtra,SS,60,3,13,74%
,Anant Kumar Hegde,Kanara,Karnataka,BJP,0,2,20,61%
,Ananta Nayak,Keonjhar,Orissa,BJP,26,0,677,72%
,Ananth Kumar,Bangalore South,Karnataka,BJP,46,0,85,71%
,Anantha Venkatarami Reddy,Anantapur,Andhra Pradesh,INC,5,0,0,73%
,Anantrao Gudhe,Amravati,Maharashtra,SS,28,0,101,63%
,Andimuthu Raja,Perambalur,Tamil Nadu,DMK,*,*,*,*
,Anil Basu,Arambagh,West Bengal,CPI(M),13,0,24,65%
10,Anil Shukla Warsi,Bilhaur ,Uttar Pradesh,BSP,2,0,8,48%
,Anirudh Prasad (Sadhu) Yadav,Gopalganj,Bihar,RJD,28,0,239,70%
,Anuradha Choudhary,Kairana,Uttar Pradesh,RLD,3,0,105,33%
11,Anurag Singh Thakur ,Hamirpur,Himachal,BJP,5,0,18,89%
,Anwar Hussain,Dhubri,Assam,INC,41,0,139,82%
,Archana Nayak,Kendrapara,Orissa,BJD,58,4,89,79%
,Arjun Charan Sethi,Bhadrak,Orissa,BJD,30,0,178,73%
,Arun Kumar Sarma,Lakhimpur,Assam,AGP,74,0,403,72%
12,Arun Yadav,Khargone,Madhya Pradesh,INC,1,0,0,53%
,Aruna Kumar Vundavalli,Rajahmundry,Andhra Pradesh,INC,13,0,0,91%
,Arvind Kumar Sharma,Karnal,Haryana,INC,12,0,10,81%
,Asaduddin Owaisi,Hyderabad,Andhra Pradesh,AIMIM,51,0,985,74%
,Ashok Argal,Morena,Madhya Pradesh,BJP,24,0,101,86%
,Ashok Kumar Pradhan,Khurja,Uttar Pradesh,BJP,12,0,0,76%
,Ashok Kumar Rawat,Misrikh,Uttar Pradesh,BSP,3,0,261,62%
,Atal Bihari Vajpayee,Lucknow,Uttar Pradesh,BJP,7,0,0,6%
,Ateeq Ahmad,Phulpur,Uttar Pradesh,SP,3,0,79,20%
,Atma Singh Gill,Sirsa,Haryana,INC,7,0,7,80%
,Avinash Rai Khanna,Hoshiarpur,Punjab,BJP,110,0,277,80%
,Avtar Singh Bhadana,Faridabad,Haryana,INC,14,1,222,63%
13,Babu Lal Marandi,Kodarma,Jharkhand,Ind.,0,0,13,29%
,Babu Rao Mediyam,Bhadrachalam,Andhra Pradesh,CPI(M),52,0,99,90%
14,Babubhai Khimabhai Katara^,Dohad,Gujarat,BJP,0,0,0,40%
,Bachi Singh Rawat,Almora,Uttrakhand,BJP,84,20,172,85%
,Bagun Sumbrui,Singhbhum,Jharkhand,INC,4,0,9,80%
,Baju Ban Riyan,Tripura East,Tripura,CPI(M),5,0,2,88%
,Balasaheb Vikhe Patil,Kopargaon,Maharashtra,INC,18,4,377,82%
,Balashowry Vallabbhaneni,Tenali,Andhra Pradesh,INC,1,0,594,78%
,Baleshwar Yadav,Padrauna,Uttar Pradesh,NLP,5,0,205,63%
,Baliram Kashyap,Bastar,Chhattisgarh,BJP,0,0,0,30%
15,Bansagopal Chowdhury,Asansol,West Bengal,CPI(M),11,0,20,60%
,Bapu Hari Chaure,Dhule,Maharashtra,INC,11,0,337,87%
,Basangouda Patil,Bijapur,Karnataka,BJP,1,0,3,32%
,Basudeb Acharia,Bankura,West Bengal,CPI(M),183,11,467,85%
,Basudeb Barman,Mathurapur,West Bengal,CPI(M),22,0,0,94%
,Beni Prasad Verma,Kaiserganj,Uttar Pradesh,SP,0,0,0,85%
16,Bhai Lal,Robertsganj ,Uttar Pradesh,BSP,1,0,18,80%
,Bhanu Pratap Singh Verma,Jalaun,Uttar Pradesh,BJP,102,0,123,90%
,Bhanwar Singh Dangawas,Nagaur,Rajasthan,BJP,38,0,15,94%
,Bharatsinh Madhavsinh Solanki,Anand,Gujarat,INC,2,0,21,53%
,Bhartruhari Mahtab,Cuttack,Orissa,BJD,227,0,409,84%
,Bhavana Pundlikrao Gawali,Washim,Maharashtra,SS,6,0,244,60%
17,Bhishma Shankar,Khalilabad,Uttar Pradesh,BSP,0,0,0,58%
,Bhubneshwar Prasad Mehta,Hazaribagh,Jharkhand,CPI,42,0,308,66%
,Bhupendrasinh Prabhatsinh Solanki,Godhra,Gujarat,BJP,4,0,225,75%
,Bijendra Singh,Aligarh,Uttar Pradesh,INC,36,0,12,83%
,Bijoy Krishna Handique,Jorhat,Assam,INC,*,*,*,*
,Bikram Keshari Deo,Kalahandi,Orissa,BJP,100,0,57,83%
,Biren Singh Engti,Autonomous District,Assam,INC,0,0,0,93%
,Brahmananda Panda,Jagatsinghpur,Orissa,BJD,47,0,14,82%
,Braja Kishore Tripathy,Puri,Orissa,BJD,134,0,1048,92%
18,Brajesh Pathak^,Unnao,Uttar Pradesh,BSP,57,7,741,74%
19,Brij Bhushan Sharan Singh^,Balrampur,Uttar Pradesh,BJP,2,0,61,73%
,C. Krishnan,Pollachi,Tamil Nadu,MDMK,48,0,0,89%
,C. Kuppusami,Chennai North,Tamil Nadu,DMK,31,0,50,81%
,C.H. Vijayashankar,Mysore,Karnataka,BJP,5,0,34,40%
,C.K. Chandrappan,Trichur,Kerala,CPI,113,32,415,90%
,C.S. Sujatha,Mavelikara,Kerala,CPI(M),80,0,140,84%
,Chander Kumar,Kangra,Himachal Pradesh,INC,36,0,71,91%
,Chandra Bhushan Singh,Farrukhabad,Uttar Pradesh,SP,12,0,408,92%
,Chandra Dev Prasad Rajbhar,Ghosi,Uttar Pradesh,SP,0,0,63,94%
20,Chandra Sekhar Sahu,Berhampur,Orissa,INC,25,0,18,94%
,Chandra Shekhar Dubey,Dhanbad,Jharkhand,INC,53,0,101,83%
21,Chandrabhan Bhaiya Singh^,Damoh,Madhya Pradesh,BJP,14,0,208,69%
,Chandrakant Bhaurao Khaire,Aurangabad,Maharashtra,SS,50,8,633,67%
,Chandramani Tripathi,Rewa,Madhya Pradesh,BJP,50,0,374,75%
,Chandrapal Singh Yadav,Jhansi,Uttar Pradesh,SP,12,0,0,73%
22,Charnjit Singh Atwal,Phillaur,Punjab,SAD,*,*,*,*
,Chaudhary Lal Singh,Udhampur,Jammu and Kashmir,INC,112,1,40,75%
23,Chaudhary Munawwar Hasan^,Muzaffarnagar,Uttar Pradesh,SP,0,0,272,44%
24,Chegondi Venkata Hariram Jogaiah^,Narasapur,Andhra Pradesh,INC,1,0,1,67%
,Chengara Surendran,Adoor,Kerala,CPI,32,2,273,75%
,Chhatar Singh Darbar,Dhar,Madhya Pradesh,BJP,6,0,58,76%
,Chinta Mohan,Tirupathi,Andhra Pradesh,INC,24,0,411,79%
25,D.C. Srikantappa^,Chikmagalur,Karnataka,BJP,0,0,1,52%
,D.K. Audikesavulu,Chittoor,Andhra Pradesh,TDP,5,0,18,53%
,D.V. Sadananda Gowda,Mangalore,Karnataka,BJP,18,0,134,43%
26,Daggubati Purandeswari,Bapatla,Andhra Pradesh,INC,28,4,194,81%
,Dahya Bhai V. Patel,Daman & Diu,Daman and Diu,INC,17,1,56,49%
,Dalpat Singh Paraste,Shahdol,Madhya Pradesh,BJP,1,0,478,59%
,Damodar Barku Shingada,Dahanu,Maharashtra,INC,0,0,1,77%
,Danapal Venugopal,Tiruppattur,Tamil Nadu,DMK,29,0,0,62%
,Daroga Prasad Saroj,Lalganj,Uttar Pradesh,SP,4,0,82,86%
,Dawa Narbula,Darjeeling,West Bengal,INC,29,0,19,86%
27,Dayanidhi Maran,Chennai Central,Tamil Nadu,DMK,1,0,0,10%
28,Deepender Singh Hooda,Rohtak,Haryana,INC,6,0,12,79%
,Devarakonda Vittal Rao,Mahabubnagar,Andhra Pradesh,INC,7,0,148,87%
,Devendra Prasad Yadav,Jhanjharpur,Bihar,RJD,175,0,17,96%
,Devidas Anandrao Pingle,Nasik,Maharashtra,NCP,6,0,276,66%
29,Devwrat Singh,Rajnandgaon ,Chhattisgarh,INC,14,0,1,64%
,Dhan Singh Rawat,Banswara,Rajasthan,BJP,4,0,13,56%
,Dhani Ram Shandil,Shimla,Himachal Pradesh,INC,32,0,122,94%
,Dhanuskodi Athithan,Tirunelveli,Tamil Nadu,INC,14,0,121,66%
,Dharmendra,Bikaner,Rajasthan,BJP,0,0,0,24%
,Dharmendra Pradhan,Deogarh,Orissa,BJP,53,0,167,69%
30,Dharmendra Yadav,Mainpuri,Uttar Pradesh,SP,4,0,0,44%
,Dhirendra Agarwal,Chatra,Jharkhand,RJD,16,0,463,80%
,Digamber Bapuji Patil,Nanded,Maharashtra,BJP,0,0,29,32%
31,Dinsha J. Patel,Kaira,Gujarat,INC,4,0,47,76%
,Dip Gogoi,Kaliabor,Assam,INC,2,0,0,71%
,Dushyant Singh,Jhalawar,Rajasthan,BJP,46,0,604,63%
,E. Ahamed,Ponnani,Kerala,MLKSC,*,*,*,*
,E. Ponnuswamy,Chidambaram,Tamil Nadu,PMK,21,0,199,89%
,E.G. Sugavanam,Krisnagiri,Tamil Nadu,DMK,28,0,520,71%
,E.V.K.S. Elangovan,Gobichettipalayam,Tamil Nadu,INC,*,*,*,*
,Eknath Mahadeo Gaikwad,Mumbai North Central,Maharashtra,INC,1,0,735,93%
32,Errabelli Dayakar Rao ,Warangal ,Andhra Pradesh,TDP,0,0,26,100%
,Faggan Singh Kulaste,Mandla,Madhya Pradesh,BJP,8,0,59,56%
,Francis Fanthome,Nominated,Delhi,INC,40,0,111,84%
33,Francisco Sardinha,Mormugao,Goa,INC,8,0,14,95%
,Furkan Ansari,Godda,Jharkhand,INC,13,0,31,81%
,G. Nizamuddin,Hindupur,Andhra Pradesh,INC,1,0,63,77%
,G. Venkatswamy,Peddapalli,Andhra Pradesh,INC,2,0,7,66%
,G.V. Harsha Kumar,Amalapuram,Andhra Pradesh,INC,1,0,171,67%
,Ganesh Prasad Singh,Jahanabad,Bihar,RJD,47,0,84,94%
,Ganesh Singh,Satna,Madhya Pradesh,BJP,89,0,435,71%
34,Gauri Shankar Chaturbhuj Bisen^,Balaghat,Madhya Pradesh,BJP,14,0,18,43%
35,George Fernandes^,Muzaffarpur,Bihar,JD(U),10,0,18,72%
36,Ghuran Ram,Palamau ,Jharkhand,RJD,4,0,9,87%
,Gingee N Ramachandran,Vandavasi,Tamil Nadu,MDMK,5,4,0,33%
,Girdhari Lal Bhargav,Jaipur,Rajasthan,BJP,153,0,220,90%
,Giridhar Gamang,Koraput,Orissa,INC,13,0,124,77%
,Giridhari Yadav,Banka,Bihar,RJD,16,0,270,86%
,Govinda Arun Ahuja,Mumbai North,Maharashtra,INC,2,0,0,12%
,Gowdar Mallikarjunappa Siddeswara,Davangere,Karnataka,BJP,12,0,623,48%
,Guharam Ajgalley,Sarangarh,Chhattisgarh,BJP,4,0,3,61%
,Gurjeet Singh Rana,Jullundur,Punjab,INC,10,0,10,67%
,Gurudas Das Gupta,Panskura,West Bengal,CPI,121,1,271,85%
,Gurudas Kamat,Mumbai North East,Maharashtra,INC,0,0,142,70%
,H.D. Devegowda,Hassan,Karnataka,JD(S),6,0,0,39%
37,H.T. Sangliana^,Bangalore North,Karnataka,BJP,4,0,11,79%
,Hannan Mollah,Uluberia,West Bengal,CPI(M),66,2,170,87%
,Hansraj Gangaram Ahir,Chandrapur,Maharashtra,BJP,105,17,854,66%
38,Hari Har Swain^,Aska,Orissa,BJD,0,0,5,28%
,Hari Kewal Prasad,Salempur,Uttar Pradesh,SP,60,0,597,91%
39,Haribhau Madhav Jawale,Jalgaon,Maharashtra,BJP,10,0,14,77%
,Harilal Madhavjibhai Patel,Porbandar,Gujarat,BJP,0,0,35,68%
,Harin Pathak,Ahmedabad,Gujarat,BJP,40,0,106,79%
,Harischandra Deoram Chavan,Malegaon,Maharashtra,BJP,11,0,247,55%
,Harish Nagpal,Amroha,Uttar Pradesh,Ind.,1,0,7,24%
99,Harisingh Nasaru Rathod^,Yavatmal,Maharashtra,BJP,90,2,353,67%
,Harisinh Pratapsinh Chavda,Banaskantha,Gujarat,INC,41,0,416,88%
40,Hemant Khandelwal,Betul,Madhya Pradesh,BJP,0,0,6,69%
,Hemlal Murmu,Rajmahal,Jharkhand,JMM,36,0,678,51%
,Hiten Barman,Cooch Behar,West Bengal,AIFB,21,0,419,68%
,Iliyas Azmi,Shahabad,Uttar Pradesh,BSP,79,0,84,80%
,Inderjit Singh Rao,Mahendergarh,Haryana,INC,*,*,*,*
,Ingrid Mcleod,Nominated,Chattisgarh,INC,12,1,110,70%
,Iqbal Ahmed Saradgi,Gulbarga,Karnataka,INC,41,8,960,66%
,J.M. Aaron Rashid,Periyakulam,Tamil Nadu,INC,66,0,286,71%
,Jagdish Tytler,Delhi Sadar,Delhi,INC,3,0,0,54%
,Jai Parkash,Hissar,Haryana,INC,27,0,16,71%
41,Jai Prakash^,Mohanlalganj,Uttar Pradesh,SP,5,0,129,59%
,Jaipal Sudini Reddy,MiryalgudaÂ ,Andhra Pradesh,INC,*,*,*,*
,Jaisingrao Gaikwad Patil,Beed,Maharashtra,NCP,13,0,2,77%
,Jashubhai Dhanabhai Barad,Junagadh,Gujarat,INC,24,0,911,46%
,Jaswant Singh Bishnoi,Jodhpur,Rajasthan,BJP,42,0,307,75%
,Jay Prakash Narayan Yadav,Monghyr,Bihar,RJD,*,*,*,*
,Jayaben B. Thakkar,Baroda,Gujarat,BJP,72,0,439,65%
42,Jhansi Botcha Lakshmi,Bobbili ,Andhra Pradesh,INC,45,0,103,83%
43,Jitin Prasada,Shahjahanpur,Uttar Pradesh,INC,4,0,6,72%
,Jivabhai Ambalal Patel,Mehsana,Gujarat,INC,37,0,440,76%
,Joachim Baxla,Alipurduar,West Bengal,RSP,31,0,300,75%
,Joytirmoyee Sikdar,Krishnagar,West Bengal,CPI(M),14,0,54,87%
,Jual Oram,Sundargarh,Orissa,BJP,27,0,648,69%
44,Jyotiraditya Madhavrao Scindia,Guna,Madhya Pradesh,INC,14,0,534,78%
,K. Dhanaraju,Tindivanam,Tamil Nadu,PMK,41,0,317,64%
,K. Francis George,Idukki,Kerala,KEC,104,0,46,70%
,K. Jayasurya Prakash Reddy,Kurnool,Andhra Pradesh,INC,0,0,170,62%
,K. Rani,Rasipuram,Tamil Nadu,INC,14,0,14,71%
,K. Subbarayan,Coimbatore,Tamil Nadu,CPI,17,0,173,72%
,K. Virupakshappa,Koppal,Karnataka,INC,0,0,39,51%
,K.C . Pallani Shamy,Karur,Tamil Nadu,DMK,13,0,614,64%
,K.C. Singh Baba,Nainital,Uttrakhand,INC,29,4,116,63%
,K.H. Muniyappa,Kolar,Karnataka,INC,*,*,*,*
,K.M. Kader Mohideen,Vellore,Tamil Nadu,DMK,25,0,5,64%
,K.S. Manoj,Alleppey,Kerala,CPI(M),168,4,312,88%
,K.V. Thangka Balu,Salem,Tamil Nadu,INC,21,0,0,76%
45,Kailash Baitha^,Bagaha (SC),Bihar,JD(U),10,0,121,81%
,Kailash Joshi,Bhopal,Madhya Pradesh,BJP,5,0,23,75%
,Kailash Meghwal,Tonk,Rajasthan,BJP,17,0,627,92%
,Kailash Nath Singh Yadav,Chandauli,Uttar Pradesh,BSP,2,0,333,50%
,Kalpana Ramesh Narhire,Osmanabad,Maharashtra,SS,11,0,249,70%
46,Kalva Kuntla Chandrasekhar Rao,Karimnagar,Andhra Pradesh,TRS,10,0,16,15%
,Kalyan Singh,Bulandshahr,Uttar Pradesh,BJP,2,0,0,49%
,Kamal nath,Chhindwara,Madhya Pradesh,INC,*,*,*,*
,Kamla Prasad Rawat,Barabanki,Uttar Pradesh,BSP,7,0,180,46%
,Kannusamy Venkatapathy,Cuddalore,Tamil Nadu,DMK,*,*,*,*
,Kanti Singh,Arrah,Bihar,RJD,*,*,*,*
,Kantilal Bhuria,Jhabua,Madhya Pradesh,INC,*,*,*,*
,Kapil Sibal,Chandni Chowk,Delhi,INC,*,*,*,*
,Karan Singh Yadav,Alwar,Rajasthan,INC,133,0,14,93%
,Karuna Shukla,Janjgir,Chhattisgarh,BJP,37,1,155,73%
47,Karunakara G. Reddy^,Bellary,Karnataka,BJP,47,0,975,56%
,Kashi Ram Rana,Surat,Gujarat,BJP,44,12,499,78%
,Kavuru Samba Siva Rao,Eluru,Andhra Pradesh,INC,87,14,571,81%
,Khagen Das,Tripura West,Tripura,CPI(M),36,1,10,61%
,Kinjarapu Yerrannaidu,Srikakulam,Andhra Pradesh,TDP,132,0,585,75%
48,Kiran Maheshwari^,Udaipur,Rajasthan,BJP,52,0,314,67%
,Kiren Rijiju,Arunachal West,Arunachal Pradesh,BJP,91,3,252,85%
,Kirip Chaliha,Gauhati,Assam,INC,23,0,127,92%
,Kirti Vardhan Singh,Gonda,Uttar Pradesh,SP,4,0,533,52%
49,Kishan Lal Diler^,Hathras,Uttar Pradesh,BJP,2,0,2,92%
,Kishan Singh Sangwan,Sonepat,Haryana,BJP,48,0,38,89%
,Kishanbhai Vestabhai Patel,Bulsar,Gujarat,INC,15,0,998,76%
,Krishna Tirath,Karol Bagh,Delhi,INC,32,7,35,94%
50,Kuldeep Bishnoi^,Bhiwani,Haryana,INC,4,0,386,59%
51,Kunnur Manjunath Channappa^,Dharwad South,Karnataka,BJP,51,0,156,71%
,Kunwar Devendra Singh Yadav,Etah,Uttar Pradesh,SP,0,0,8,74%
,Kunwar Manvendra Singh,Mathura,Uttar Pradesh,INC,48,1,203,79%
,Kunwar Sarvraj Singh,Aonla,Uttar Pradesh,JD(U),0,0,0,88%
,L. Ganesan,Tiruchirappalli,Tamil Nadu,MDMK,17,0,30,40%
,Lakshman Chandra Seth,Tamluk,West Bengal,CPI(M),34,0,55,52%
,Lakshman Singh,Rajgarh,Madhya Pradesh,BJP,44,0,51,74%
,Lakshmi Panabaka,Nellore,Andhra Pradesh,INC,*,*,*,*
52,Lal Krishna Advani,Gandhinagar,Gujarat,BJP,55,0,0,*
,Lal Mani Prasad,Basti,Uttar Pradesh,BSP,18,0,33,70%
,Lalit Mohan Suklabaidya,Karimganj,Assam,INC,37,0,25,86%
,Lalmuni Chaubey,Buxar,Bihar,BJP,5,0,1,93%
,Lalu Prasad,Chapra,Bihar,RJD,*,*,*,*
,Laxman Rao Pandurang Patil,Satara,Maharashtra,NCP,0,0,0,64%
,Laxminarayan Pandey,Mandsaur,Madhya Pradesh,BJP,56,1,446,85%
,Lonappan Nambadan,Mukundapuram,Kerala,CPI(M),49,0,52,90%
,M. Anjan Kumar Yadav,Secunderabad,Andhra Pradesh,INC,7,0,315,70%
,M. Appadurai,Tenkasi,Tamil Nadu,CPI,45,0,311,91%
53,M. Jagannath^,Nagarkurnool,Andhra Pradesh,TDP,60,0,674,71%
,M. Ramadass,Pondicherry,Pondicherry,PMK,151,0,380,94%
,M. Shivanna,Chamrajanagar,Karnataka,JD(S),108,1,414,70%
,M.A. Kharabela Swain,Balasore,Orissa,BJP,110,0,35,85%
54,M.H. Ambareesh,Mandya,Karnataka,INC,0,0,0,27%
,M.P. Veerendra Kumar,Calicut,Kerala,JD(S),71,2,296,69%
,M.S. K. Bhavani Rajenthiran,Ramanthapuram,Tamil Nadu,DMK,30,0,2,77%
,Madan Lal Sharma,Jammu,Jammu and Kashmir,INC,39,0,170,77%
,Madhu Goud Yaskhi,Nizamabad,Andhra Pradesh,INC,18,0,244,83%
,Madhusudan Devram Mistry,Sabarkantha,Gujarat,INC,100,0,101,90%
,Magunta Sreenivasulu Reddy,Ongole,Andhra Pradesh,INC,10,0,417,48%
,Maha Deo Rao Shiwankar,Chimur,Maharashtra,BJP,49,4,867,59%
,Mahabir Prasad,Bansgaon,Uttar Pradesh,INC,*,*,*,*
,Mahavir Bhagora,Salumber,Rajasthan,BJP,23,0,326,87%
,Mahendra Prasad Nishad,Fatehpur,Uttar Pradesh,BSP,16,0,70,56%
,Mahesh Kumar Kanodia,Patan,Gujarat,BJP,10,0,219,58%
55,Mallipudi Raju Pallam Mangapati,Kakinada,Andhra Pradesh,INC,8,0,2,85%
,Mamata Banerjee,Calcutta South,West Bengal,AITC,32,0,0,18%
,Maneka Gandhi,Pilibhit,Uttar Pradesh,BJP,20,0,279,72%
,Mani Charenamei,Outer Manipur,Manipur,Ind.,27,1,58,90%
,Mani Shankar Aiyar,Mayiladuturai,Tamil Nadu,INC,*,*,*,*
56,Manik Singh,Sidhi ,Madhya Pradesh,INC,1,0,6,61%
57,Manikrao Hodlya Gavit,Nandurbar,Maharashtra,INC,0,0,0,*
58,Manorama Madhwaraj^,Udupi,Karnataka,BJP,18,0,275,68%
,Manoranjan Bhakta,A & N Islands,Andaman and Nicobar,INC,31,0,425,64%
,Mansukhbhai D. Vasava,Broach,Gujarat,BJP,17,0,312,48%
,Manvendra Singh,Barmer,Rajasthan,BJP,15,0,0,75%
59,Meena Singh^,Bikramganj,Bihar,JD(U),1,0,0,89%
101,Mehbooba Mufti^,Anantnag,Jammu and Kashmir,J&KPDP,14,0,8,48%
,Meira Kumar,Sasaram,Bihar,INC,*,*,*,*
,Mekapati Rajamohan Reddy,Narasaraopet,Andhra Pradesh,INC,14,0,365,76%
,Milind Murli Deora,Mumbai South,Maharashtra,INC,10,0,472,75%
,Minati Sen,Jalpaiguri,West Bengal,CPI(M),54,0,126,71%
,Mitrasen Yadav,Faizabad,Uttar Pradesh,BSP,45,0,135,57%
,Mohammad Ali Ashraf Fatmi,Darbhanga,Bihar,RJD,*,*,*,*
,Mohammad Salim,Calcutta North East,West Bengal,CPI(M),59,0,1,87%
,Mohammad Tahir Khan,Sultanpur,Uttar Pradesh,BSP,16,0,426,61%
,Mohammed Muqueem,Domariaganj,Uttar Pradesh,BSP,9,0,183,78%
,Mohammed Shahabuddin,Siwan,Bihar,RJD,0,0,2,24%
60,Mohammed Shahid^,Meerut,Uttar Pradesh,BSP,5,0,134,36%
,Mohan Jena,Jajpur,Orissa,BJD,14,0,38,70%
,Mohan Ponnuswamy,Madurai,Tamil Nadu,CPI(M),82,0,187,71%
,Mohan Rawale,Mumbai South Central,Maharashtra,SS,29,0,290,59%
,Mohan Singh,Deoria,Uttar Pradesh,SP,131,28,313,91%
,Mohanbhai Delkar,D&N Haveli-ST,Dadra and Nagar Haveli,BNP,1,0,6,74%
,Moni Kumar Subba,Tezpur,Assam,INC,0,0,482,77%
,Munshiram,Bijnor,Uttar Pradesh,RLD,67,0,343,89%
,N.N. Krishnadas,Palghat,Kerala,CPI(M),47,0,268,75%
,N.S.V. Chitthan,Dindigul,Tamil Nadu,INC,63,0,193,88%
,N.Y. Hanumanthappa,Chitradurga,Karnataka,INC,7,0,0,51%
,Nakul Das Rai,Sikkim,Sikkim,SDF,12,0,75,82%
,Namo Narain Meena,Sawai Madhopur,Rajasthan,INC,*,*,*,*
,Nand Kumar Sai,Surguja,Chhattisgarh,BJP,10,0,165,48%
,Nand Kumar Singh Chauhan,Khandwa,Madhya Pradesh,BJP,0,0,10,33%
61,Narahari Mahato,Purulia ,West Bengal,AIFB,1,0,156,66%
,Naranbhai J. Rathwa,Chhota Udaipur,Gujarat,INC,*,*,*,*
,Narayan Chandra Borkataky,Mangaldoi,Assam,BJP,10,0,182,75%
62,Narsing Hulla Suryawanshi,Bidar,Karnataka,INC,1,0,5,77%
,Naveen Jindal,Kurukshetra,Haryana,INC,35,0,376,71%
63,Navjot Singh Sidhu,Amritsar,Punjab,BJP,4,0,224,45%
,Nedurumalli Janardhana Reddy,Visakhapatnam,Andhra Pradesh,INC,1,0,146,66%
64,Neeraj Shekhar,Ballia,Uttar Pradesh,SP,1,0,1,84%
65,Neeta Pateriya^,Seoni,Madhya Pradesh,BJP,30,0,138,81%
,Nihal Chand Chauhan,Ganganagar,Rajasthan,BJP,23,0,50,68%
,Nikhil Kumar,Aurangabad,Bihar,INC,62,0,542,88%
,Nikhil Kumar Choudhary,Katihar,Bihar,BJP,14,0,154,77%
,Nikhilananda Sar,Burdwan,West Bengal,CPI(M),5,0,0,88%
,Nivedita Mane,Ichalkaranji,Maharashtra,NCP,5,0,684,54%
102,Omar Abdullah^,Srinagar,Jammu and Kashmir,J&KNC,6,0,0,48%
,P. Jaya Prada Nahata,Rampur,Uttar Pradesh,SP,27,3,269,43%
,P. Karunakaran,Kasaragod,Kerala,CPI(M),121,1,281,81%
103,P. Pookunhi Koya^,Lakshadweep,Lakshadweep,JD(U),6,1,118,72%
,P. Rajendran,Quilon,Kerala,CPI(M),34,0,201,75%
,P. Satheedevi,Badagara,Kerala,CPI(M),66,0,148,81%
,P.C. Gaddigoudar,Bagalkot,Karnataka,BJP,7,0,64,53%
,P.C. Thomas,Muvattupuzha,Kerala,KEC,97,0,466,71%
,Palaniappan Chidambaram,Sivaganga,Tamil Nadu,INC,*,*,*,*
,Pankaj Chaudhary,Maharajganj,Uttar Pradesh,BJP,14,0,303,63%
66,Pannian Ravindran,Thiruvananthapuram,Kerala,CPI,12,0,125,67%
,Pappala Chalapathirao,Anakapalli,Andhra Pradesh,TDP,0,0,1,77%
,Paramjit Kaur Gulshan,Bhatinda,Punjab,SAD,20,0,21,69%
,Parasnath Yadav,Jaunpur,Uttar Pradesh,SP,24,0,102,83%
,Parsuram Majhi,Nowrangpur,Orissa,BJP,7,0,277,66%
,Paty Ripple Kyndiah,Shillong,Meghalaya,INC,*,*,*,*
67,Pawan Kumar Bansal,Chandigarh,Chandigarh,INC,63,6,107,95%
68,Prabhunath Singh^,Maharajganj,Bihar,JD(U),158,0,657,80%
,Prabodh Panda,Midnapore,West Bengal,CPI,112,1,435,89%
69,Prakash B. Jadhao,Ramtek ,Maharashtra,SS,1,0,26,43%
,Pralhad Venkatesh Joshi,Dharwad North,Karnataka,BJP,42,0,306,56%
,Pranab Mukherjee,Jangipur,West Bengal,INC,*,*,*,*
,Prasanna Acharya,Sambalpur,Orissa,BJD,50,0,4,71%
,Prasanna Kumar Patasani,Bhubaneswar,Orissa,BJD,29,0,24,77%
,Prasanta Pradhan,Contai,West Bengal,CPI(M),10,0,32,73%
,Pratibha Singh,Mandi,Himachal Pradesh,INC,49,0,115,86%
70,Pratik Prakashbapu Patil,Sangli,Maharashtra,INC,1,0,77,65%
,Preneet Kaur,Patiala,Punjab,INC,6,0,7,76%
,Priya Ranjan Dasmunsi,Raiganj,West Bengal,INC,*,*,*,*
71,Priya Sunil Dutt,Mumbai North West,Maharashtra,INC,4,0,31,46%
72,Punnulal Mohale^,Bilaspur,Chhattisgarh,BJP,83,2,224,51%
,Pushpdan Shambhudan Gadhavi,Kutch,Gujarat,BJP,83,0,384,73%
,Pusp Jain,Pali,Rajasthan,BJP,2,0,35,67%
,R. Prabhu,Nilgiris,Tamil Nadu,INC,10,0,12,56%
,R.L. Jalappa,Chikballapur,Karnataka,INC,9,0,9,48%
,Rabindra Kumar Rana,Khagaria,Bihar,RJD,2,0,27,89%
,Radhey Shyam Kori,Ghatampur,Uttar Pradesh,SP,0,0,1,77%
73,Raghunath Jha,Bettiah,Bihar,RJD,83,0,626,48%
,Raghuraj Singh Shakya,Etawah,Uttar Pradesh,SP,41,0,318,79%
,Raghuvansh Prasad Singh,Vaishali,Bihar,RJD,*,*,*,*
,Raghuvir Singh Kaushal,Kota,Rajasthan,BJP,10,0,677,79%
,Rahul Gandhi,Amethi,Uttar Pradesh,INC,5,0,3,63%
,Raj Babbar,Agra,Uttar Pradesh,SP,7,0,5,52%
,Rajagopal Lagadapati,Vijayawada,Andhra Pradesh,INC,37,8,376,73%
,Rajen Gohain,Nowgong,Assam,BJP,3,0,102,47%
,Rajendra Kumar Badi,Hardwar,Uttrakhand,SP,15,0,107,94%
,Rajendrasinh Ghanshyamsinh Rana (Raju Rana),Bhavnagar,Gujarat,BJP,1,0,5,62%
,Rajesh Kumar Manjhi,Gaya,Bihar,RJD,19,0,15,80%
,Rajesh Kumar Mishra,Varanasi,Uttar Pradesh,INC,53,0,270,78%
74,Rajesh Ranjan (Pappu Yadav),Madhepura,Bihar,RJD,5,0,1,4%
,Rajesh Verma,Sitapur,Uttar Pradesh,BSP,16,0,64,74%
75,Rajiv Ranjan (Lalan) Singh^,Begusarai,Bihar,JD(U),46,0,510,80%
,Rajnarayan Budholiya,Hamirpur,Uttar Pradesh,SP,77,0,307,93%
,Rakesh Singh,Jabalpur,Madhya Pradesh,BJP,23,0,303,71%
,Ram Chandra Dome,Birbhum,West Bengal,CPI(M),23,0,28,68%
76,Ram Gopal Yadav^,Sambhal,Uttar Pradesh,SP,54,0,0,72%
,Ram Kripal Yadav,Patna,Bihar,RJD,230,1,292,89%
,Ram Lakhan Singh,Bhind,Madhya Pradesh,BJP,12,0,46,82%
,Ram Singh Kaswan,Churu,Rajasthan,BJP,26,0,50,84%
,Ram Vilas Paswan,Hajipur,Bihar,LJSP,*,*,*,*
,Ramakrishna Badiga,Machilipatnam,Andhra Pradesh,INC,9,0,649,75%
,Raman Senthil,Dharmapuri,Tamil Nadu,PMK,30,6,67,81%
,Ramchandra Paswan,Rosera,Bihar,LJSP,4,0,57,75%
,Ramdas Athawale,Pandharpur,Maharashtra,RPI(A),151,10,949,85%
,Ramesh Bais,Raipur,Chhattisgarh,BJP,0,0,3,61%
,Ramesh Chandappa Jigajinagi,Chikkodi,Karnataka,BJP,1,0,1,53%
77,Ramesh Dube,Mirzapur ,Uttar Pradesh,BSP,10,0,40,82%
78,Rameshwar Oraon,Lohardaga,Jharkhand,INC,18,0,21,50%
,Ramji Lal Suman,Firozabad,Uttar Pradesh,SP,204,0,520,85%
79,Ramkrishna Kusmaria^,Khajuraho,Madhya Pradesh,BJP,35,0,43,71%
80,Rampal Singh,Vidisha ,Madhya Pradesh,BJP,0,0,13,30%
,Ramswaroop Koli,Bayana,Rajasthan,BJP,17,0,16,87%
81,Ramswaroop Prasad^,Nalanda ,Bihar,JD(U),3,0,0,92%
,Ranen Barman,Balurghat,West Bengal,RSP,1,0,337,51%
,Rangasamy Velu,Arakkonam,Tamil Nadu,PMK,*,*,*,*
,Ranjeet Ranjan,Saharsa,Bihar,LJSP,31,0,22,81%
,Raosaheb Patil Danve,Jalna,Maharashtra,BJP,5,0,91,45%
,Rasa Singh Rawat,Ajmer,Rajasthan,BJP,194,1,161,85%
,Rasheed Masood,Saharanpur,Uttar Pradesh,SP,5,0,408,58%
,Ratilal Kalidas Varma,Dhandhuka,Gujarat,BJP,50,0,229,72%
,Rattan Singh Ajnala,Taran Taran,Punjab,SAD,22,0,44,79%
,Ravi Prakash Verma,Kheri,Uttar Pradesh,SP,64,0,1050,78%
,Renuka Chowdhury,Khammam,Andhra Pradesh,INC,*,*,*,*
,Rewati Raman Singh,Allahabad,Uttar Pradesh,SP,56,0,318,76%
,Rubab Sayda,Bahraich,Uttar Pradesh,SP,3,0,0,57%
,Rupatai Diliprao Nilangekar Patil,Latur,Maharashtra,BJP,14,0,164,66%
,Rupchand Murmu,Jhargram,West Bengal,CPI(M),8,0,236,87%
,Rupchand Pal,Hooghly,West Bengal,CPI(M),95,0,15,88%
,S. Ajaya Kumar,Ottapalam,Kerala,CPI(M),14,0,201,70%
82,S. Bangarappa^,Shimoga,Karnataka,SP,3,0,0,39%
,S. Mallikarjunaiah,Tumkur,Karnataka,BJP,34,0,52,81%
83,S.P. Singh Baghel^,Jalesar,Uttar Pradesh,SP,9,0,0,82%
,S.P.Y. Reddy,Nandyal,Andhra Pradesh,INC,8,3,65,51%
,S.S. Palanimanickam,Thanjavur,Tamil Nadu,DMK,*,*,*,*
,Sachin Pilot,Dausa,Rajasthan,INC,12,0,1,82%
,Sadashivrao Dadoba Mandlik,Kolhapur,Maharashtra,NCP,18,0,144,57%
,Sai Prathap Annayyagari,Rajampet,Andhra Pradesh,INC,10,0,206,85%
,Sajjan Kumar,Outer Delhi,Delhi,INC,14,0,173,95%
,Salarapatty Kuppusamy Kharventhan,Palani,Tamil Nadu,INC,177,2,1108,79%
,Saleem Iqbal Shervani,Budaun,Uttar Pradesh,SP,0,0,0,53%
,Sambasiva Rayapati Rao,Guntur,Andhra Pradesh,INC,33,10,950,63%
,Samik Lahiri,Diamond Harbour,West Bengal,CPI(M),9,0,29,59%
,Sanat Kumar Mandal,Joynagar,West Bengal,RSP,33,0,454,75%
,Sandeep Dikshit,East Delhi,Delhi,INC,38,0,0,84%
,Sangeeta Kumari Singh Deo,Bolangir,Orissa,BJP,13,0,467,77%
,Sanjay Shamrao Dhotre,Akola,Maharashtra,BJP,7,0,296,75%
,Sansuma Khunggur Bwiswmuthiary,Kokrajhar,Assam,Ind.,39,0,35,52%
,Santasri Chatterjee,Serampore,West Bengal,CPI(M),53,0,51,90%
,Santosh Kumar Gangwar,Bareilly,Uttar Pradesh,BJP,136,0,558,92%
,Sarbananda Sonowal,Dibrugarh,Assam,AGP,62,0,118,57%
,Sardar Zora Singh Mann,Ferozepur,Punjab,SAD,8,0,9,59%
84,Sartaj Singh Chatwal^,Hoshangabad,Madhya Pradesh,BJP,1,0,0,57%
,Sathyanarayana Sarvey,Siddipet,Andhra Pradesh,INC,3,0,189,69%
,Satyanarayan Jatiya,Ujjain,Madhya Pradesh,BJP,53,0,161,80%
,Sebastian Paul,Ernakulam,Kerala,Ind.,34,0,4,87%
,Selja,Ambala,Haryana,INC,*,*,*,*
,Sevugan Regupathy,Pudukkottai,Tamil Nadu,DMK,*,*,*,*
,Shafiqur Rahman Barq,Moradabad,Uttar Pradesh,SP,27,0,37,93%
,Shailendra Kumar,Chail,Uttar Pradesh,SP,340,0,185,89%
,Shakeel Ahmad,Madhubani,Bihar,INC,*,*,*,*
,Shankersinh Vaghela,Kapadvanj,Gujarat,INC,*,*,*,*
85,Shankhlal Majhi,Akbarpur,Uttar Pradesh,SP,20,0,5,71%
,Sharad Chandra Govindrao Pawar,Baramati,Maharashtra,NCP,*,*,*,*
,Sharanjit Singh Dhillon,Ludhiana,Punjab,SAD,9,0,0,45%
86,Shibu Soren,Dumka,Jharkhand,JMM,4,0,1,14%
,Shishupal Natthu Patle,Bhandara,Maharashtra,BJP,30,0,421,75%
,Shivaji Adhalrao Patil,Khed,Maharashtra,SS,5,4,1251,43%
,Shriniwas Dadasaheb Patil,Karad,Maharashtra,NCP,27,0,271,65%
,Shripad Yasso Naik,Panaji,Goa,BJP,19,0,96,67%
,Shriprakash Jaiswal,Kanpur,Uttar Pradesh,INC,*,*,*,*
,Shyama Charan Gupta,Banda,Uttar Pradesh,SP,2,0,29,66%
,Sis Ram Ola,Jhunjhunu,Rajasthan,INC,*,*,*,*
,Sita Ram Yadav,Sitamarhi,Bihar,RJD,14,0,77,67%
,Sitaram Singh,Sheohar,Bihar,RJD,49,0,145,87%
,Sohan Potai,Kanker,Chhattisgarh,BJP,0,0,0,61%
,Somabhai Gandalal Koli Patel,Surendranagar,Gujarat,BJP,0,0,0,61%
87,Somnath Chatterjee,Bolpur,West bengal,-,*,*,*,*
88,Sonia Gandhi,Rae Bareli,Uttar Pradesh,INC,3,0,0,36%
,Sontosh Mohan Dev,Silchar,Assam,INC,*,*,*,*
,Srichand Kripalani,Chittorgarh,Rajasthan,BJP,26,0,175,64%
,Subbulakshmi Jagadeesan,Tiruchengode,Tamil Nadu,DMK,*,*,*,*
,Subhash Maharia,Sikar,Rajasthan,BJP,12,0,188,64%
,Subhash Sureshchandra Deshmukh,Solapur,Maharashtra,BJP,12,0,369,64%
,Subodh Kant Sahay,Ranchi,Jharkhand,INC,*,*,*,*
,Subrata Bose,Barasat,West Bengal,AIFB,29,0,356,88%
,Sudam Marndi,Mayurbhanj,Orissa,JMM,0,0,16,41%
,Sudhangshu Seal,Calcutta North West,West Bengal,CPI(M),15,0,2,90%
,Sugrib Singh,Phulbani,Orissa,BJD,32,0,1083,73%
,Sujan Chakraborty,Jadhavpur,West Bengal,CPI(M),31,0,16,72%
,Sukdeo Paswan,Araria,Bihar,BJP,25,0,93,72%
,Sukhbir Singh Badal,Faridkot,Punjab,SAD,5,0,7,25%
,Sukhdev Singh Dhindsa,Sangrur,Punjab,SAD,47,0,124,66%
,Sukhdev Singh Libra,Ropar,Punjab,SAD,5,0,70,90%
89,Suman Mahato,Jamshedpur,Jharkhand,JMM,5,0,0,58%
,Sumitra Mahajan,Indore,Madhya Pradesh,BJP,61,0,206,82%
,Sunil Khan,Durgapur,West Bengal,CPI(M),82,1,286,86%
,Suraj Singh,Balia,Bihar,LJSP,12,0,156,64%
,Suravaram Sudhakar Reddy,Nalgonda,Andhra Pradesh,CPI,83,5,220,84%
,Surendra Prakash Goel,Hapur,Uttar Pradesh,INC,27,0,103,95%
,Suresh Chanabasappa Angadi,Belgaum,Karnataka,BJP,12,0,155,47%
,Suresh Ganpatrao Wagmare,Wardha,Maharashtra,BJP,16,0,32,67%
,Suresh Kalmadi,Pune,Maharashtra,INC,2,0,148,71%
,Suresh Kurup,Kottayam,Kerala,CPI(M),38,3,174,83%
,Suresh Prabhakar Prabhu,Rajapur,Maharashtra,SS,83,0,332,70%
,Suryakanta Patil,Hingoli,Maharashtra,NCP,*,*,*,*
,Susheela Laxman Bangaru,Jalore,Rajasthan,BJP,5,0,52,91%
,Sushila Kerketta,Khunti,Jharkhand,INC,4,0,0,80%
,Susmita Bauri,Vishnupur,West Bengal,CPI(M),12,0,21,79%
,Swadesh Chakrabortty,Howrah,West Bengal,CPI(M),16,0,115,80%
90,Syed Shahnawaz Hussain,Bhagalpur ,Bihar,BJP,27,1,58,84%
,T.K. Hamza,Manjeri,Kerala,CPI(M),33,0,48,79%
,Tapir Gao,Arunachal East,Arunachal Pradesh,BJP,56,2,105,86%
,Tarachand Sahu,Durg,Chhattisgarh,BJP,0,0,5,32%
,Tarit Baran Topdar,Barrackpore,West Bengal,CPI(M),9,0,16,66%
,Taslimuddin,Kishanganj,Bihar,RJD,*,*,*,*
,Tathagata Satpathy,Dhenkanal,Orissa,BJD,46,0,308,66%
,Tejasvini Gowda,Kanakapura,Karnataka,INC,74,0,1,66%
,Tek Lal Mahto,Giridih,Jharkhand,JMM,35,0,212,66%
,Thaawar Chand Gehlot,Shajapur,Madhya Pradesh,BJP,34,0,269,87%
,Thalikkottai Rajuthevar Baalu,Chennai South,Tamil Nadu,DMK,*,*,*,*
,Thokchom Meinya,Inner Manipur,Manipur,INC,58,0,106,96%
,Thupstan Chhewang,Ladakh - J & K,Jammu and Kashmir,Ind.,16,0,24,79%
91,TPS Rawat,Garhwal,Uttarakhand,BJP,4,0,1,88%
,Tufani Saroj,Saidpur,Uttar Pradesh,SP,29,0,144,81%
,Tukaram Gangadhar Gadakh,Ahmednagar,Maharashtra,NCP,1,0,224,38%
,Tukaram Ganpatrao Renge Patil,Parbhani,Maharashtra,SS,32,1,578,55%
,Tushar Amarsinh Chaudhary,Mandvi,Gujarat,INC,15,0,10,84%
,Uday Singh,Purnea,Bihar,BJP,13,0,536,70%
,Umakant Yadav,Machhlishahr,Uttar Pradesh,BSP,0,0,2,41%
,Usha Verma,Hardoi,Uttar Pradesh,SP,7,0,18,79%
,V. Kishore Chandra S. Deo,Parvathipuram,Andhra Pradesh,INC,15,0,2,95%
92,V. Radhika Selvi,Tiruchendur,Tamil Nadu,DMK,21,0,4,68%
,Vallabhbhai Kathiria,Rajkot,Gujarat,BJP,25,0,132,69%
,Vanlalzawma,Mizoram,Mizoram,MNF,10,0,8,89%
,Varkala Radhakrishnan,Chirayinkil,Kerala,CPI(M),188,0,164,90%
93,Vasantrao J. More,Erandol ,Maharashtra,NCP,0,0,24,64%
94,Vijay Bahuguna,Tehri Garhwal ,Uttrakhand,INC,5,0,13,70%
,Vijay Krishna,Barh,Bihar,RJD,34,0,549,82%
95,Vijay Kumar Malhotra^,South Delhi,Delhi,BJP,170,0,274,87%
,Vijayendra Pal Singh,Bhilwara,Rajasthan,BJP,39,0,2,71%
,Vikrambhai Arjanbhai Maadam,Jamnagar,Gujarat,INC,8,0,385,61%
,Vilas Baburao Muttemwar,Nagpur,Maharashtra,INC,*,*,*,*
,Vinod Khanna,Gurdaspur,Punjab,BJP,5,0,4,46%
96,Vinod Kumar Boianapalli,Hanamkonda,Andhra Pradesh,TRS,15,0,231,63%
,Virchandra Paswan,Nawada,Bihar,RJD,13,0,37,93%
,Virendra Kumar,Sagar,Madhya Pradesh,BJP,96,0,112,93%
,Virjibhai Thummar,Amreli,Gujarat,INC,67,0,559,93%
,Vishnu Dev Sai,Raigarh,Chhattisgarh,BJP,2,0,18,38%
97,Vishvendra Singh^,Bharatpur,Rajasthan,BJP,0,0,4,14%
,W. Wangyuh Konyak,Nagaland,Nagaland,NPF,17,2,7,77%
,Y.S. Vivekananda Reddy,Cuddapah,Andhra Pradesh,INC,2,0,0,54%
98,Yashodhara Raje Scindia,Gwalior ,Madhya Pradesh,BJP,1,0,23,71%
